{
  "overrides": {
    "default": {
      "water_transparency": 1.0
    },
    "bamboo_jungle": {
      "water_color": "#14A2C5"
    },
    "bamboo_jungle_hills": {
      "water_color": "#1B9ED8"
    },
    "basalt_deltas": {
      "water_color": "#826F6E"
    },
    "beach": {
      "water_color": "#157cab"
    },
    "birch_forest": {
      "water_color": "#0677ce"
    },
    "cherry_grove": {
      "water_color": "#5DB7EF"
    },
    "old_growth_birch_forest": {
      "water_color": "#0a74c4"
    },
    "snowy_beach": {
      "water_color": "#1463a5"
    },
    "cold_ocean": {
      "water_color": "#2080C9",
      "water_fog_color": "#14559b"
    },
    "snowy_taiga": {
      "water_color": "#205e83"
    },
    "crimson_forest": {
      "water_color": "#8E4441"
    },
    "deep_cold_ocean": {
      "water_color": "#2080C9",
      "water_fog_color": "#185390"
    },
    "deep_dark": {
      "water_color": "#276F77"
    },
    "deep_frozen_ocean": {
      "water_color": "#2570B5",
      "water_fog_color": "#1a4879"
    },
    "deep_lukewarm_ocean": {
      "water_color": "#0D96DB",
      "water_fog_color": "#0e72b9"
    },
    "deep_ocean": {
      "water_color": "#1787D4",
      "water_fog_color": "#1463a5"
    },
    "deep_warm_ocean": {
      "water_color": "#02B0E5",
      "water_fog_color": "#0686ca"
    },
    "desert": {
      "water_color": "#32A598"
    },
    "dripstone_caves": {
      "water_color": "#326893"
    },
    "windswept_hills": {
      "water_color": "#007BF7"
    },
    "mountain_edge": {
      "water_color": "#045cd5"
    },
    "windswept_gravelly_hills": {
      "water_color": "#0E63AB"
    },
    "windswept_forest": {
      "water_color": "#0E63AB"
    },
    "flower_forest": {
      "water_color": "#20A3CC"
    },
    "forest": {
      "water_color": "#1E97F2"
    },
    "frozen_ocean": {
      "water_color": "#2570B5",
      "water_fog_color": "#174985"
    },
    "frozen_peaks": {
      "water_color": "#1343A4"
    },
    "frozen_river": {
      "water_color": "#185390"
    },
    "grove": {
      "water_color": "#17598E"
    },
    "nether_wastes": {
      "water_color": "#905957"
    },
    "ice_mountains": {
      "water_color": "#1156a7"
    },
    "snowy_plains": {
      "water_color": "#14559b"
    },
    "snowy_slopes": {
      "water_color": "#14559b"
    },
    "ice_spikes": {
      "water_color": "#14559b"
    },
    "jagged_peaks": {
      "water_color": "#3651BD"
    },
    "jungle": {
      "water_color": "#14A2C5"
    },
    "sparse_jungle": {
      "water_color": "#0D8AE3"
    },
    "lukewarm_ocean": {
      "water_color": "#0D96DB",
      "water_fog_color": "#0a74c4"
    },
    "lush_caves": {
      "water_color": "#1493BA"
    },
    "mangrove_swamp": {
      "water_color": "#3A7A6A",
      "water_fog_color": "#4D7A60"
    },
    "meadow": {
      "water_color": "#0E4ECF"
    },
    "old_growth_spruce_taiga": {
      "water_color": "#2d6d77"
    },
    "giant_spruce_taiga_hills": {
      "water_color": "#2d6d77"
    },
    "old_growth_pine_taiga": {
      "water_color": "#2d6d77"
    },
    "giant_tree_taiga_hills": {
      "water_color": "#286378"
    },
    "badlands": {
      "water_color": "#4E7F81"
    },
    "eroded_badlands": {
      "water_color": "#497F99"
    },
    "badlands_plateau": {
      "water_color": "#55809E"
    },
    "wooded_badlands": {
      "water_color": "#55809E"
    },
    "mushroom_fields": {
      "water_color": "#8a8997"
    },
    "mushroom_fields_shore": {
      "water_color": "#818193"
    },
    "ocean": {
      "water_color": "#1787D4",
      "water_fog_color": "#1165b0"
    },
    "plains": {
      "water_color": "#44AFF5"
    },
    "river": {
      "water_color": "#0084FF"
    },
    "dark_forest": {
      "water_color": "#3B6CD1"
    },
    "dark_forest_hills": {
      "water_color": "#3B6CD1"
    },
    "pale_garden": {
      "water_color": "#76889D",
      "water_fog_color": "#556980"
    },
    "savanna": {
      "water_color": "#2C8B9C"
    },
    "windswept_savanna": {
      "water_color": "#2590A8"
    },
    "savanna_plateau": {
      "water_color": "#2590A8"
    },
    "shattered_savanna_plateau": {
      "water_color": "#2590A8"
    },
    "snowy_slopes": {
      "water_color": "#00478E"
    },
    "soul_sand_valley": {
      "water_color": "#659393"
    },
    "stone_beach": {
      "water_color": "#0d67bb"
    },
    "stony_peaks": {
      "water_color": "#0862AE"
    },
    "sunflower_plains": {
      "water_color": "#44AFF5"
    },
    "swamp": {
      "water_color": "#4c6559",
      "water_fog_color": "#4c6559",
      "water_transparency": 1.0
    },
    "taiga": {
      "water_color": "#287082"
    },
    "taiga_mountains": {
      "water_color": "#236583"
    },
    "the_end": {
      "water_color": "#62529e"
    },
    "warm_ocean": {
      "water_color": "#02B0E5",
      "water_fog_color": "#0289d5",
      "water_transparency": 1.0
    },
    "warped_forest": {
      "water_color": "#5FB5A9"
    }
  }
}