{
    "ambientocclusion": false,
    "textures": {
        "particle": "#stem"
    },
    "elements": [
        {   "from": [ 0, -1, 8 ],
            "to": [ 16, 7, 8 ],
            "rotation": { "origin": [ 8, 8, 8 ], "axis": "y", "angle": 45, "rescale": true },
            "faces": {
                "north": { "uv": [  0, 0, 16, 8 ], "texture": "#stem"},
                "south": { "uv": [ 16, 0,  0, 8 ], "texture": "#stem"}
            }
        },
        {   "from": [ 8, -1, 0 ],
            "to": [ 8, 7, 16 ],
            "rotation": { "origin": [ 8, 8, 8 ], "axis": "y", "angle": 45, "rescale": true },
            "faces": {
                "west": { "uv": [  0, 0, 16, 8 ], "texture": "#stem"},
                "east": { "uv": [ 16, 0,  0, 8 ], "texture": "#stem"}
            }
        },
        {   "from": [ -9, 0, 8 ],
            "to": [ 16, 32, 8 ],
            "faces": {
                "north": { "uv": [ 16, 0, 3.5, 16 ], "texture": "#upperstem"},
                "south": { "uv": [ 3.5, 0, 16, 16 ], "texture": "#upperstem"}
            }
        }
    ]
}
