{
  "sources": [
    {
      "type": "single",
      "resource": "colorfulhearts:heart/container_half"
    },
    {
      "type": "single",
      "resource": "colorfulhearts:heart/container_half_blinking"
    },
    {
      "type": "single",
      "resource": "colorfulhearts:heart/container_hardcore_half"
    },
    {
      "type": "single",
      "resource": "colorfulhearts:heart/container_hardcore_half_blinking"
    },
    {
      "type": "colorfulhearts:colored_hearts",
      "heart": "health"
    },
    {
      "type": "colorfulhearts:colored_hearts",
      "heart": "absorption"
    }
  ]
}
