{
  "targets": [ "minecraft:water", "minecraft:flowing_water" ],
  "colormap": {
    "x_axis": "biome_id",
    "y_axis": "(383-(POS_Y+64))/384",
    "biome_id_mapper": {
      "texture_size": 256,
      "minecraft:the_void": 0,
      "minecraft:plains": 1,
      "minecraft:sunflower_plains": 2,
      "minecraft:snowy_plains": 3,
      "minecraft:ice_spikes": 4,
      "minecraft:desert": 5,
      "minecraft:swamp": 6,
      "minecraft:mangrove_swamp": 7,
      "minecraft:forest": 8,
      "minecraft:flower_forest": 9,
      "minecraft:birch_forest": 10,
      "minecraft:dark_forest": 11,
      "minecraft:pale_garden": 12,
      "minecraft:old_growth_birch_forest": 13,
      "minecraft:old_growth_pine_taiga": 14,
      "minecraft:old_growth_spruce_taiga": 15,
      "minecraft:taiga": 16,
      "minecraft:snowy_taiga": 17,
      "minecraft:savanna": 18,
      "minecraft:savanna_plateau": 19,
      "minecraft:windswept_hills": 20,
      "minecraft:windswept_gravelly_hills": 21,
      "minecraft:windswept_forest": 22,
      "minecraft:windswept_savanna": 23,
      "minecraft:jungle": 24,
      "minecraft:sparse_jungle": 25,
      "minecraft:bamboo_jungle": 26,
      "minecraft:badlands": 27,
      "minecraft:eroded_badlands": 28,
      "minecraft:wooded_badlands": 29,
      "minecraft:meadow": 30,
      "minecraft:cherry_grove": 31,
      "minecraft:grove": 32,
      "minecraft:snowy_slopes": 33,
      "minecraft:frozen_peaks": 34,
      "minecraft:jagged_peaks": 35,
      "minecraft:stony_peaks": 36,
      "minecraft:river": 37,
      "minecraft:frozen_river": 38,
      "minecraft:beach": 39,
      "minecraft:snowy_beach": 40,
      "minecraft:stony_shore": 41,
      "minecraft:warm_ocean": 42,
      "minecraft:lukewarm_ocean": 43,
      "minecraft:deep_lukewarm_ocean": 44,
      "minecraft:ocean": 45,
      "minecraft:deep_ocean": 46,
      "minecraft:cold_ocean": 47,
      "minecraft:deep_cold_ocean": 48,
      "minecraft:frozen_ocean": 49,
      "minecraft:deep_frozen_ocean": 50,
      "minecraft:mushroom_fields": 51,
      "minecraft:dripstone_caves": 52,
      "minecraft:lush_caves": 53,
      "minecraft:deep_dark": 54,
      "minecraft:nether_wastes": 55,
      "minecraft:warped_forest": 56,
      "minecraft:crimson_forest": 57,
      "minecraft:soul_sand_valley": 58,
      "minecraft:basalt_deltas": 59,
      "minecraft:the_end": 60,
      "minecraft:end_highlands": 61,
      "minecraft:end_midlands": 62,
      "minecraft:small_end_islands": 63,
      "minecraft:end_barrens": 64
    }
  }
}