{
  "variants": {
    "facing=east": [
      {
        "model": "minecraft:block/carved_pumpkin/0",
        "y": 90
      },
      {
        "model": "minecraft:block/carved_pumpkin/1",
        "y": 90
      },
      {
        "model": "minecraft:block/carved_pumpkin/2",
        "y": 90
      },
      {
        "model": "minecraft:block/carved_pumpkin/3",
        "y": 90
      },
      {
        "model": "minecraft:block/carved_pumpkin/4",
        "y": 90
      },
      {
        "model": "minecraft:block/carved_pumpkin/5",
        "y": 90
      },
      {
        "model": "minecraft:block/carved_pumpkin/6",
        "y": 90
      },
      {
        "model": "minecraft:block/carved_pumpkin/7",
        "y": 90
      },
      {
        "model": "minecraft:block/carved_pumpkin/8",
        "y": 90
      }   ],
    "facing=north": [
      {
        "model": "minecraft:block/carved_pumpkin/0"
      },
      {
        "model": "minecraft:block/carved_pumpkin/1"
      },
      {
        "model": "minecraft:block/carved_pumpkin/2"
      },
      {
        "model": "minecraft:block/carved_pumpkin/3"
      },
      {
        "model": "minecraft:block/carved_pumpkin/4"
      },
      {
        "model": "minecraft:block/carved_pumpkin/5"
      },
      {
        "model": "minecraft:block/carved_pumpkin/6"
      },
      {
        "model": "minecraft:block/carved_pumpkin/7"
      },
      {
        "model": "minecraft:block/carved_pumpkin/8"
      }   ],
    "facing=south": [
      {
        "model": "minecraft:block/carved_pumpkin/0",
        "y": 180
      },
      {
        "model": "minecraft:block/carved_pumpkin/1",
        "y": 180
      },
      {
        "model": "minecraft:block/carved_pumpkin/2",
        "y": 180
      },
      {
        "model": "minecraft:block/carved_pumpkin/3",
        "y": 180
      },
      {
        "model": "minecraft:block/carved_pumpkin/4",
        "y": 180
      },
      {
        "model": "minecraft:block/carved_pumpkin/5",
        "y": 180
      },
      {
        "model": "minecraft:block/carved_pumpkin/6",
        "y": 180
      },
      {
        "model": "minecraft:block/carved_pumpkin/7",
        "y": 180
      },
      {
        "model": "minecraft:block/carved_pumpkin/8",
        "y": 180
      }  ],
    "facing=west": [
      {
        "model": "minecraft:block/carved_pumpkin/0",
        "y": 270
      },
      {
        "model": "minecraft:block/carved_pumpkin/1",
        "y": 270
      },
      {
        "model": "minecraft:block/carved_pumpkin/2",
        "y": 270
      },
      {
        "model": "minecraft:block/carved_pumpkin/3",
        "y": 270
      },
      {
        "model": "minecraft:block/carved_pumpkin/4",
        "y": 270
      },
      {
        "model": "minecraft:block/carved_pumpkin/5",
        "y": 270
      },
      {
        "model": "minecraft:block/carved_pumpkin/6",
        "y": 270
      },
      {
        "model": "minecraft:block/carved_pumpkin/7",
        "y": 270
      },
      {
        "model": "minecraft:block/carved_pumpkin/8",
        "y": 270
      }
    ]
  }
}